<?xml version="1.0" encoding="utf-8"?>
<extension type="library" method="upgrade" version="3.6">
	<name>Phproberto - Joomla Entity</name>
	<libraryname>joomla_entity</libraryname>
	<creationDate>March 2018</creationDate>
	<author>@phproberto</author>
	<authorEmail>roberto@phproberto.com</authorEmail>
	<authorUrl>www.phproberto.com</authorUrl>
	<copyright>Copyright (C) 2018 Roberto Segura López. All rights reserved.</copyright>
	<license>http://www.gnu.org/licenses/gpl-2.0.html GNU/GPL</license>
	<version>1.0.1</version>
	<description>Semantical API for Joomla!</description>
	<updateservers>
		<server type="extension" name="Joomla Entity Update Site">https://raw.githubusercontent.com/phproberto/joomla-entity/master/updates/joomla_entity.xml</server>
	</updateservers>
	<files>
		<folder>language</folder>
		<folder>src</folder>
		<folder>vendor</folder>
		<filename>library.php</filename>
	</files>
</extension>
