<?xml version="1.0" encoding="utf-8"?>
<extension type="package" version="3.8" method="upgrade">
	<name>PKG_TWIG</name>
	<creationDate>June 2018</creationDate>
	<author>Roberto Segura</author>
	<authorEmail>roberto@phproberto.com</authorEmail>
	<authorUrl>www.phproberto.com</authorUrl>
	<copyright>Copyright (C) 2017-2018 Roberto Segura López. All rights reserved.</copyright>
	<license>GNU General Public License version 2 or later, see LICENSE.</license>
	<packager>Roberto Segura</packager>
	<packagename>twig</packagename>
	<packagerurl>http://www.phproberto.com</packagerurl>
	<version>1.1.0</version>
	<description>PKG_TWIG_XML_DESCRIPTION</description>
	<scriptfile>install.php</scriptfile>

	<languages folder="language">
		<language tag="en-GB">en-GB/en-GB.pkg_twig.sys.ini</language>
	</languages>

	<files>
		<file type="library" id="twig">libraries/twig</file>

		<!-- Twig extensions -->
		<file type="plugin" id="cache" group="twig" enabled="true">plugins/twig/cache</file>
		<file type="plugin" id="debug" group="twig" enabled="true">plugins/twig/debug</file>
		<file type="plugin" id="jarray" group="twig" enabled="true">plugins/twig/jarray</file>
		<file type="plugin" id="japp" group="twig" enabled="true">plugins/twig/japp</file>
		<file type="plugin" id="jdoc" group="twig" enabled="true">plugins/twig/jdoc</file>
		<file type="plugin" id="jhtml" group="twig" enabled="true">plugins/twig/jhtml</file>
		<file type="plugin" id="jlang" group="twig" enabled="true">plugins/twig/jlang</file>
		<file type="plugin" id="jlayout" group="twig" enabled="true">plugins/twig/jlayout</file>
		<file type="plugin" id="jprofiler" group="twig" enabled="true">plugins/twig/jprofiler</file>
		<file type="plugin" id="jposition" group="twig" enabled="true">plugins/twig/jposition</file>
		<file type="plugin" id="jroute" group="twig" enabled="true">plugins/twig/jroute</file>
		<file type="plugin" id="jsession" group="twig" enabled="true">plugins/twig/jsession</file>
		<file type="plugin" id="jtext" group="twig" enabled="true">plugins/twig/jtext</file>
		<file type="plugin" id="juri" group="twig" enabled="true">plugins/twig/juri</file>
		<file type="plugin" id="juser" group="twig" enabled="true">plugins/twig/juser</file>
		<file type="plugin" id="unserialize" group="twig" enabled="true">plugins/twig/unserialize</file>
	</files>
	<updateservers>
		<server type="extension" name="Joomla Twig Update Site">https://raw.githubusercontent.com/phproberto/joomla-twig/master/updates/twig_update.xml</server>
	</updateservers>
</extension>
